{"0": {"p": {"t": 0.06666666666666667, "o": 0.06666666666666667, "d": 0.06666666666666667, "a": 0.13333333333333333, "y": 0.06666666666666667, " ": 0.13333333333333333, "w": 0.13333333333333333, "e": 0.06666666666666667, "n": 0.06666666666666667, "s": 0.06666666666666667, "k": 0.06666666666666667, "!": 0.06666666666666667}, "c": "005110738509307"}, "1": {"p": {"d": 0.14285714285714285, "n": 0.07142857142857142, "m": 0.07142857142857142, "f": 0.14285714285714285, "h": 0.07142857142857142, "w": 0.07142857142857142, "e": 0.07142857142857142, "j": 0.07142857142857142, "s": 0.07142857142857142, "a": 0.14285714285714285, "!": 0.07142857142857142}, "c": "02285167175279"}, "2": {"p": {"s": 0.14285714285714285, "d": 0.14285714285714285, "f": 0.14285714285714285, "a": 0.14285714285714285, "z": 0.07142857142857142, "x": 0.07142857142857142, "c": 0.07142857142857142, "v": 0.07142857142857142, "k": 0.07142857142857142, "!": 0.07142857142857142}, "c": "02750022925452"}, "3": {"p": {"v": 0.14285714285714285, "d": 0.07142857142857142, "f": 0.21428571428571427, "g": 0.21428571428571427, "j": 0.07142857142857142, "h": 0.07142857142857142, "r": 0.07142857142857142, "e": 0.07142857142857142, "!": 0.07142857142857142}, "c": "023756326944"}, "4": {"p": {"a": 0.07142857142857142, "t": 0.21428571428571427, "r": 0.14285714285714285, "e": 0.14285714285714285, "b": 0.14285714285714285, "v": 0.14285714285714285, "n": 0.07142857142857142, "!": 0.07142857142857142}, "c": "0104663596373"}, "5": {"p": {"n": 0.07142857142857142, "v": 0.14285714285714285, "b": 0.07142857142857142, "z": 0.07142857142857142, "x": 0.07142857142857142, "c": 0.14285714285714285, "s": 0.07142857142857142, " ": 0.07142857142857142, "g": 0.07142857142857142, "h": 0.07142857142857142, "f": 0.07142857142857142, "!": 0.07142857142857142}, "c": "007517148565117"}, "6": {"p": {"n": 0.07142857142857142, "m": 0.07142857142857142, " ": 0.14285714285714285, "c": 0.14285714285714285, "v": 0.14285714285714285, "b": 0.07142857142857142, "h": 0.07142857142857142, "x": 0.07142857142857142, "f": 0.07142857142857142, "g": 0.07142857142857142, "!": 0.07142857142857142}, "c": "00609275986848"}, "7": {"p": {"x": 0.07142857142857142, "h": 0.14285714285714285, " ": 0.2857142857142857, "g": 0.14285714285714285, "c": 0.07142857142857142, "j": 0.14285714285714285, "r": 0.07142857142857142, "!": 0.07142857142857142}, "c": "008183657925"}, "8": {"p": {"h": 0.07142857142857142, "g": 0.14285714285714285, "f": 0.14285714285714285, "d": 0.14285714285714285, "s": 0.07142857142857142, "e": 0.07142857142857142, "r": 0.07142857142857142, "x": 0.07142857142857142, "c": 0.07142857142857142, "v": 0.07142857142857142, "!": 0.07142857142857142}, "c": "00783984656633"}, "9": {"p": {"s": 0.3333333333333333, "h": 0.3333333333333333, "!": 0.3333333333333333}, "c": "2"}}