{"0": {"p": {"h": 0.0625, "e": 0.0625, "l": 0.1875, "o": 0.125, " ": 0.125, "w": 0.0625, "r": 0.0625, "d": 0.125, "a": 0.0625, "n": 0.0625, "!": 0.0625}, "c": "0045377691742487"}, "1": {"p": {" ": 0.2, "e": 0.2, "v": 0.06666666666666667, "r": 0.06666666666666667, "y": 0.06666666666666667, "o": 0.13333333333333333, "n": 0.06666666666666667, "w": 0.06666666666666667, "h": 0.06666666666666667, "!": 0.06666666666666667}, "c": "056802844116221"}, "2": {"p": {"w": 0.14285714285714285, "a": 0.14285714285714285, "t": 0.14285714285714285, "h": 0.14285714285714285, "e": 0.14285714285714285, "s": 0.14285714285714285, "!": 0.14285714285714285}, "c": "027777"}}