{"0": {"p": {"b": 0.027777777777777776, "'": 0.027777777777777776, "i": 0.027777777777777776, "V": 0.027777777777777776, "B": 0.05555555555555555, "O": 0.027777777777777776, "R": 0.027777777777777776, "w": 0.027777777777777776, "0": 0.027777777777777776, "K": 0.027777777777777776, "G": 0.027777777777777776, "g": 0.05555555555555555, "o": 0.027777777777777776, "A": 0.3055555555555556, "N": 0.05555555555555555, "S": 0.027777777777777776, "U": 0.05555555555555555, "h": 0.027777777777777776, "E": 0.027777777777777776, "Q": 0.027777777777777776, "C": 0.027777777777777776, "!": 0.027777777777777776}, "c": "0008163298517471298"}, "1": {"p": {"A": 0.3888888888888889, "Y": 0.027777777777777776, "C": 0.027777777777777776, "p": 0.027777777777777776, "U": 0.027777777777777776, "E": 0.027777777777777776, "5": 0.027777777777777776, "e": 0.027777777777777776, "X": 0.027777777777777776, "N": 0.027777777777777776, "S": 0.027777777777777776, "R": 0.05555555555555555, "0": 0.027777777777777776, "I": 0.027777777777777776, "r": 0.027777777777777776, "s": 0.027777777777777776, "4": 0.027777777777777776, "c": 0.027777777777777776, "6": 0.027777777777777776, "Q": 0.027777777777777776, "n": 0.027777777777777776, "!": 0.027777777777777776}, "c": "15150737099679498"}, "2": {"p": {"Q": 0.05555555555555555, "U": 0.05555555555555555, "1": 0.027777777777777776, "B": 0.027777777777777776, "A": 0.3055555555555556, "C": 0.027777777777777776, "x": 0.027777777777777776, "j": 0.027777777777777776, "w": 0.05555555555555555, "v": 0.027777777777777776, "8": 0.027777777777777776, "Y": 0.027777777777777776, "J": 0.027777777777777776, "c": 0.05555555555555555, "E": 0.027777777777777776, "h": 0.027777777777777776, "Z": 0.027777777777777776, "D": 0.027777777777777776, "s": 0.027777777777777776, "M": 0.027777777777777776, "7": 0.027777777777777776, "!": 0.027777777777777776}, "c": "0034418891393493516"}, "3": {"p": {"D": 0.1388888888888889, "A": 0.1111111111111111, "c": 0.027777777777777776, "d": 0.027777777777777776, "v": 0.05555555555555555, "q": 0.027777777777777776, "G": 0.027777777777777776, "Q": 0.027777777777777776, "+": 0.027777777777777776, "S": 0.027777777777777776, "U": 0.027777777777777776, "R": 0.027777777777777776, "B": 0.027777777777777776, "V": 0.05555555555555555, "h": 0.027777777777777776, "P": 0.05555555555555555, "r": 0.027777777777777776, "t": 0.027777777777777776, "a": 0.027777777777777776, "s": 0.027777777777777776, "M": 0.027777777777777776, "w": 0.027777777777777776, "z": 0.027777777777777776, "L": 0.027777777777777776, "3": 0.027777777777777776, "!": 0.027777777777777776}, "c": "02327110762779415"}, "4": {"p": {"u": 0.027777777777777776, "/": 0.027777777777777776, "2": 0.027777777777777776, "t": 0.08333333333333333, "6": 0.027777777777777776, "h": 0.027777777777777776, "P": 0.05555555555555555, "8": 0.027777777777777776, "a": 0.027777777777777776, "g": 0.027777777777777776, "Z": 0.027777777777777776, "C": 0.05555555555555555, "1": 0.027777777777777776, "0": 0.05555555555555555, "j": 0.05555555555555555, "+": 0.05555555555555555, "E": 0.027777777777777776, "5": 0.027777777777777776, "x": 0.027777777777777776, "D": 0.027777777777777776, "I": 0.05555555555555555, "S": 0.027777777777777776, "J": 0.027777777777777776, "c": 0.027777777777777776, "d": 0.027777777777777776, "y": 0.027777777777777776, "p": 0.027777777777777776, "!": 0.027777777777777776}, "c": "0008165656643870199"}, "5": {"p": {"b": 0.027777777777777776, "i": 0.027777777777777776, "T": 0.05555555555555555, "H": 0.027777777777777776, "f": 0.08333333333333333, "c": 0.027777777777777776, "e": 0.027777777777777776, "V": 0.027777777777777776, "G": 0.05555555555555555, "P": 0.027777777777777776, "k": 0.027777777777777776, "C": 0.027777777777777776, "0": 0.027777777777777776, "h": 0.027777777777777776, "j": 0.027777777777777776, "q": 0.027777777777777776, "g": 0.05555555555555555, "M": 0.027777777777777776, "4": 0.027777777777777776, "d": 0.027777777777777776, "n": 0.027777777777777776, "+": 0.027777777777777776, "O": 0.027777777777777776, "W": 0.027777777777777776, "S": 0.027777777777777776, "z": 0.027777777777777776, "a": 0.027777777777777776, "9": 0.05555555555555555, "w": 0.027777777777777776, "!": 0.027777777777777776}, "c": "0008194230160572021"}, "6": {"p": {"V": 0.08333333333333333, "G": 0.08333333333333333, "T": 0.027777777777777776, "R": 0.05555555555555555, "o": 0.027777777777777776, "W": 0.027777777777777776, "Q": 0.05555555555555555, "/": 0.027777777777777776, "N": 0.027777777777777776, "j": 0.05555555555555555, "t": 0.027777777777777776, "2": 0.05555555555555555, "l": 0.027777777777777776, "S": 0.027777777777777776, "p": 0.027777777777777776, "f": 0.027777777777777776, "0": 0.027777777777777776, "w": 0.027777777777777776, "X": 0.027777777777777776, "b": 0.027777777777777776, "I": 0.027777777777777776, "7": 0.027777777777777776, "D": 0.027777777777777776, "k": 0.027777777777777776, "+": 0.027777777777777776, "U": 0.027777777777777776, "H": 0.027777777777777776, "!": 0.027777777777777776}, "c": "008142124995234404"}, "7": {"p": {"U": 0.027777777777777776, "9": 0.027777777777777776, "1": 0.05555555555555555, "6": 0.027777777777777776, "C": 0.05555555555555555, "i": 0.05555555555555555, "S": 0.027777777777777776, "o": 0.027777777777777776, "c": 0.05555555555555555, "r": 0.027777777777777776, "/": 0.027777777777777776, "K": 0.027777777777777776, "O": 0.027777777777777776, "h": 0.05555555555555555, "s": 0.027777777777777776, "j": 0.05555555555555555, "W": 0.027777777777777776, "8": 0.027777777777777776, "p": 0.027777777777777776, "A": 0.027777777777777776, "2": 0.027777777777777776, "l": 0.027777777777777776, "M": 0.05555555555555555, "I": 0.027777777777777776, "Y": 0.027777777777777776, "e": 0.027777777777777776, "m": 0.027777777777777776, "k": 0.027777777777777776, "!": 0.027777777777777776}, "c": "0008194140655086887"}, "8": {"p": {"P": 0.027777777777777776, "K": 0.027777777777777776, "g": 0.027777777777777776, "l": 0.05555555555555555, "C": 0.027777777777777776, "Y": 0.027777777777777776, "t": 0.027777777777777776, "4": 0.027777777777777776, "r": 0.027777777777777776, "9": 0.05555555555555555, "M": 0.05555555555555555, "H": 0.05555555555555555, "u": 0.027777777777777776, "w": 0.05555555555555555, "j": 0.05555555555555555, "N": 0.027777777777777776, "G": 0.027777777777777776, "h": 0.027777777777777776, "F": 0.027777777777777776, "y": 0.027777777777777776, "A": 0.027777777777777776, "+": 0.027777777777777776, "W": 0.027777777777777776, "S": 0.027777777777777776, "D": 0.027777777777777776, "L": 0.027777777777777776, "v": 0.05555555555555555, "I": 0.027777777777777776, "!": 0.027777777777777776}, "c": "0008164290807774753"}, "9": {"p": {"U": 0.027777777777777776, "k": 0.027777777777777776, "2": 0.1111111111111111, "S": 0.027777777777777776, "m": 0.027777777777777776, "t": 0.027777777777777776, "h": 0.027777777777777776, "8": 0.027777777777777776, "n": 0.027777777777777776, "W": 0.027777777777777776, "b": 0.027777777777777776, "p": 0.05555555555555555, "P": 0.1111111111111111, "X": 0.027777777777777776, "E": 0.027777777777777776, "Q": 0.027777777777777776, "G": 0.027777777777777776, "u": 0.027777777777777776, "H": 0.027777777777777776, "z": 0.05555555555555555, "A": 0.027777777777777776, "J": 0.027777777777777776, "e": 0.027777777777777776, "I": 0.027777777777777776, "N": 0.027777777777777776, "d": 0.027777777777777776, "0": 0.027777777777777776, "!": 0.027777777777777776}, "c": "0008292391027302618"}, "10": {"p": {"/": 0.027777777777777776, "R": 0.05555555555555555, "n": 0.027777777777777776, "Y": 0.027777777777777776, "q": 0.027777777777777776, "h": 0.05555555555555555, "1": 0.05555555555555555, "0": 0.08333333333333333, "2": 0.05555555555555555, "8": 0.027777777777777776, "J": 0.027777777777777776, "a": 0.027777777777777776, "T": 0.027777777777777776, "X": 0.027777777777777776, "e": 0.027777777777777776, "o": 0.027777777777777776, "l": 0.027777777777777776, "Z": 0.027777777777777776,