{"0": {"p": {"h": 0.06666666666666667, "e": 0.06666666666666667, "l": 0.2, "o": 0.13333333333333333, " ": 0.13333333333333333, "w": 0.06666666666666667, "r": 0.06666666666666667, "d": 0.06666666666666667, "a": 0.06666666666666667, "n": 0.06666666666666667, "!": 0.06666666666666667}, "c": "005227862340486"}, "1": {"p": {"d": 0.07142857142857142, " ": 0.14285714285714285, "e": 0.21428571428571427, "v": 0.07142857142857142, "r": 0.07142857142857142, "y": 0.07142857142857142, "o": 0.07142857142857142, "n": 0.07142857142857142, "w": 0.07142857142857142, "h": 0.07142857142857142, "!": 0.07142857142857142}, "c": "00827742632743"}, "2": {"p": {"o": 0.1111111111111111, " ": 0.1111111111111111, "w": 0.1111111111111111, "a": 0.1111111111111111, "t": 0.1111111111111111, "h": 0.1111111111111111, "e": 0.1111111111111111, "s": 0.1111111111111111, "!": 0.1111111111111111}, "c": "015624998"}}