{"0": {"p": {"b": 0.8333333333333334, "'": 0.8333333333333334, "i": 0.8333333333333334, "V": 0.8333333333333334, "B": 0.8333333333333334, "O": 0.8333333333333334, "R": 0.8333333333333334, "w": 0.8333333333333334, "0": 0.8333333333333334, "K": 0.8333333333333334, "G": 0.8333333333333334, "!": 0.8333333333333334}, "c": "0082644628098"}, "1": {"p": {"g": 0.8333333333333334, "o": 0.8333333333333334, "A": 0.3333333333333333, "N": 0.8333333333333334, "S": 0.8333333333333334, "U": 0.8333333333333334, "h": 0.8333333333333334, "E": 0.8333333333333334, "!": 0.8333333333333334}, "c": "00870659454"}, "2": {"p": {"U": 0.8333333333333334, "g": 0.8333333333333334, "A": 0.8333333333333334, "B": 0.8333333333333334, "Q": 0.8333333333333334, "!": 0.8333333333333334}, "c": "01030481"}, "3": {"p": {"N": 0.8333333333333334, "C": 0.16666666666666666, "A": 0.3333333333333333, "Y": 0.8333333333333334, "p": 0.8333333333333334, "U": 0.8333333333333334, "E": 0.8333333333333334, "!": 0.8333333333333334}, "c": "013259543811"}, "4": {"p": {"5": 0.8333333333333334, "e": 0.8333333333333334, "A": 0.16666666666666666, "X": 0.8333333333333334, "N": 0.8333333333333334, "S": 0.8333333333333334, "R": 0.8333333333333334, "!": 0.8333333333333334}, "c": "0089598729991"}, "5": {"p": {"0": 0.8333333333333334, "I": 0.8333333333333334, "A": 0.25, "r": 0.8333333333333334, "s": 0.8333333333333334, "4": 0.8333333333333334, "c": 0.8333333333333334, "6": 0.8333333333333334, "Q": 0.8333333333333334, "!": 0.8333333333333334}, "c": "00890534085992"}, "6": {"p": {"A": 0.3333333333333333, "R": 0.8333333333333334, "n": 0.8333333333333334, "Q": 0.8333333333333334, "U": 0.8333333333333334, "1": 0.8333333333333334, "B": 0.8333333333333334, "C": 0.8333333333333334, "!": 0.8333333333333334}, "c": "0413222836753"}, "7": {"p": {"x": 0.8333333333333334, "j": 0.8333333333333334, "w": 0.8333333333333334, "v": 0.8333333333333334, "8": 0.8333333333333334, "Y": 0.8333333333333334, "Q": 0.8333333333333334, "U": 0.8333333333333334, "A": 0.25, "!": 0.8333333333333334}, "c": "00826446316757382"}, "8": {"p": {"A": 0.25, "J": 0.8333333333333334, "c": 0.16666666666666666, "E": 0.8333333333333334, "h": 0.8333333333333334, "Z": 0.8333333333333334, "w": 0.8333333333333334, "D": 0.8333333333333334, "!": 0.8333333333333334}, "c": "071366341795"}, "9": {"p": {"s": 0.8333333333333334, "M": 0.8333333333333334, "A": 0.3333333333333333, "7": 0.8333333333333334, "D": 0.8333333333333334, "c": 0.8333333333333334, "d": 0.8333333333333334, "v": 0.8333333333333334, "!": 0.8333333333333334}, "c": "00875809441"}, "10": {"p": {"q": 0.8333333333333334, "G": 0.8333333333333334, "Q": 0.8333333333333334, "A": 0.25, "D": 0.8333333333333334, "+": 0.8333333333333334, "S": 0.8333333333333334, "U": 0.8333333333333334, "R": 0.8333333333333334, "!": 0.8333333333333334}, "c": "008296745865"}, "11": {"p": {"B": 0.8333333333333334, "V": 0.16666666666666666, "D": 0.8333333333333334, "h": 0.8333333333333334, "P": 0.16666666666666666, "r": 0.8333333333333334, "t": 0.8333333333333334, "a": 0.8333333333333334, "s": 0.8333333333333334, "!": 0.8333333333333334}, "c": "010852266065"}, "12": {"p": {"M": 0.8333333333333334, "w": 0.8333333333333334, "D": 0.16666666666666666, "z": 0.8333333333333334, "L": 0.8333333333333334, "3": 0.8333333333333334, "v": 0.8333333333333334, "u": 0.8333333333333334, "/": 0.8333333333333334, "2": 0.8333333333333334, "!": 0.8333333333333334}, "c": "0083664932145"}, "13": {"p": {"t": 0.16666666666666666, "6": 0.8333333333333334, "h": 0.8333333333333334, "P": 0.8333333333333334, "8": 0.8333333333333334, "a": 0.8333333333333334, "g": 0.8333333333333334, "Z": 0.8333333333333334, "C": 0.8333333333333334, "1": 0.8333333333333334, "!": 0.8333333333333334}, "c": "03168044074372"}, "14": {"p": {"0": 0.16666666666666666, "j": 0.16666666666666666, "+": 0.8333333333333334, "E": 0.8333333333333334, "5": 0.8333333333333334, "x": 0.8333333333333334, "D": 0.8333333333333334, "I": 0.8333333333333334, "P": 0.8333333333333334, "!": 0.8333333333333334}, "c": "0339803761502"}, "15": {"p": {"C": 0.8333333333333334, "S": 0.8333333333333334, "J": 0.8333333333333334, "c": 0.8333333333333334, "d": 0.8333333333333334, "y": 0.8333333333333334, "I": 0.8333333333333334, "p": 0.8333333333333334, "t": 0.8333333333333334, "+": 0.8333333333333334, "b": 0.8333333333333334, "!": 0.8333333333333334}, "c": "0082644628098"}, "16": {"p": {"i": 0.8333333333333334, "T": 0.8333333333333334, "H": 0.8333333333333334, "f": 0.16666666666666666, "c": 0.8333333333333334, "e": 0.8333333333333334, "V": 0.8333333333333334, "G": 0.8333333333333334, "P": 0.8333333333333334, "k": 0.8333333333333334, "!": 0.8333333333333334}, "c": "0082911458211"}, "17": {"p": {"C": 0.8333333333333334, "0": 0.8333333333333334, "f": 0.8333333333333334, "h": 0.8333333333333334, "j": 0.8333333333333334, "q": 0.8333333333333334, "g": 0.16666666666666666, "M": 0.8333333333333334, "4": 0.8333333333333334, "T": 0.8333333333333334, "!": 0.8333333333333334}, "c": "0082644849963"}, "18": {"p": {"d": 0.8333333333333334, "n": 0.8333333333333334, "+": 0.8333333333333334, "O": 0.8333333333333334, "W": 0.8333333333333334, "S": 0.8333333333333334, "z": 0.8333333333333334, "a": 0.8333333333333334, "9": 0.16666666666666666, "G": 0.8333333333333334, "!": 0.8333333333333334}, "c": "0082644629993"}, "19": {"p": {"w": 0.8333333333333334, "V": 0.8333333333333334, "G": 0.8333333333333334, "T": 0.8333333333333334, "R": 0.16666666666666666, "o": 0.8333333333333334, "W": 0.8333333333333334, "Q": 0.8333333333333334, "/": 0.8333333333333334, "N": 0.8333333333333334, "!": 0.8333333333333334}, "c": "0082670532581"}, "20": {"p": {"j": 0.8333333333333334, "V": 0.16666666666666666, "G": 0.16666666666666666, "t": 0.8333333333333334, "2": 0.16666666666666666, "l": 0.8333333333333334, "S": 0.8333333333333334, "p": 0.8333333333333334, "!": 0.8333333333333334}, "c": "010736144773"}, "21": {"p": {"f": 0.8333333333333334, "0": 0.8333333333333334, "w": 0.8333333333333334, "Q": 0.8333333333333334, "X": 0.8333333333333334, "b": 0.8333333333333334, "I": 0.8333333333333334, "7": 0.8333333333333334, "D": 0.8333333333333334, "k": 0.8333333333333334, "j": 0.8333333333333334, "!": 0.8333333333333334}, "c": "0082644628098"}, "22": {"p": {"+": 0.8333333333333334, "U": 0.16666666666666666, "H": 0.8333333333333334, "9": 0.8333333333333334, "1": 0.8333333333333334, "6": 0.8333333333333334, "C": 0.8333333333333334, "i": 0.8333333333333334, "S": 0.8333333333333334, "o": 0.8333333333333334, "!": 0.8333333333333334}, "c": "0105848574121"}, "23": {"p": {"c": 0.16666666666666666, "C": 0.8333333333333334, "r": 0.8333333333333334, "/": 0.8333333333333334, "K": 0.8333333333333334, "O": 0.8333333333333334, "i": 0.8333333333333334, "h": 0.8333333333333334, "s": 0.8333333333333334, "1": 0.8333333333333334, "!": 0.8333333333333334}, "c": "0316804065584"}, "24": {"p": {"j": 0.16666666666666666, "W": 0.8333333333333334, "8": 0.8333333333333334, "p": 0.8333333333333334, "h": 0.8333333333333334, "A": 0.8333333333333334, "2": 0.8333333333333334, "l": 0.8333333333333334, "M": 0.8333333333333334, "I": 0.8333333333333334, "!": 0.8333333333333334}, "c": "0313217401281"}, "25": {"p": {"Y": 0.16666666666666666, "e": 0.8333333333333334, "m": 0.8333333333333334, "M": 0.8333333333333334, "k": 0.8333333333333334, "P": 0.8333333333333334, "K": 0.8333333333333334, "g": 0.8333333333333334, "l": 0.8333333333333334, "C": 0.8333333333333334, "!": 0.8333333333333334}, "c": "03168044074372"}, "26": {"p": {"t": 0.8333333333333334, "4": 0.8333333333333334, "r": 0.8333333333333334, "9": 0.8333333333333334, "M": 0.16666666666666666, "H": 0.16666666666666666, "u": 0.8333333333333334, "w": 0.8333333333333334, "j": 0.8333333333333334, "!": 0.8333333333333334}, "c": "008267566893"}, "27": {"p": {"j": 0.8333333333333334, "N": 0.8333333333333334, "G": 0.8333333333333334, "h": 0.8333333333333334, "F": 0.8333333333333334, "y": 0.8333333333333334, "A": 0.8333333333333334, "l": 0.8333333333333334,