{"0": {"p": {"f": 0.0625, "u": 0.0625, "l": 0.125, " ": 0.0625, ",": 0.0625, "a": 0.1875, "d": 0.0625, "p": 0.0625, "t": 0.125, "i": 0.0625, "o": 0.0625, "!": 0.0625}, "c": "00447213324069656"}, "1": {"p": {"n": 0.06666666666666667, " ": 0.2, "o": 0.06666666666666667, "f": 0.13333333333333333, "t": 0.13333333333333333, "e": 0.06666666666666667, "x": 0.06666666666666667, "d": 0.06666666666666667, "k": 0.06666666666666667, "s": 0.06666666666666667, "!": 0.06666666666666667}, "c": "00831730286626"}, "2": {"p": {"l": 0.2, "a": 0.06666666666666667, "j": 0.13333333333333333, "k": 0.13333333333333333, "d": 0.06666666666666667, "m": 0.06666666666666667, "g": 0.06666666666666667, "n": 0.06666666666666667, "e": 0.06666666666666667, "r": 0.06666666666666667, "!": 0.06666666666666667}, "c": "044395134264694"}, "3": {"p": {"e": 0.06666666666666667, "l": 0.06666666666666667, "n": 0.13333333333333333, "k": 0.06666666666666667, "d": 0.13333333333333333, "f": 0.13333333333333333, "j": 0.06666666666666667, "g": 0.06666666666666667, "a": 0.13333333333333333, "s": 0.06666666666666667, "!": 0.06666666666666667}, "c": "00521112077346"}, "4": {"p": {"s": 0.06666666666666667, "d": 0.13333333333333333, "f": 0.13333333333333333, "e": 0.2, "w": 0.13333333333333333, "r": 0.06666666666666667, "g": 0.06666666666666667, "v": 0.06666666666666667, "j": 0.06666666666666667, "!": 0.06666666666666667}, "c": "006765997071811"}, "5": {"p": {"k": 0.2, "h": 0.2, "r": 0.2, "g": 0.2, "!": 0.2}, "c": "0621"}}